{"cameraMode":{"drawMode":0,"name":"Shaded","section":"Shading Mode"},"sceneLighting":true,"audioPlay":false,"sceneViewState":{"m_AlwaysRefresh":false,"showFog":true,"showSkybox":true,"showFlares":true,"showImageEffects":true,"showParticleSystems":true,"showVisualEffectGraphs":true,"m_FxEnabled":false},"in2DMode":false,"pivot":{"x":4.243411540985107,"y":2.9043519496917726,"z":4.058591365814209},"rotation":{"x":0.1362377256155014,"y":0.13713553547859193,"z":-0.019045760855078698,"w":0.9809550642967224},"size":2.1482954025268556,"orthographic":false}