{"cameraMode":{"drawMode":0,"name":"Shaded","section":"Shading Mode"},"sceneLighting":true,"audioPlay":false,"sceneViewState":{"m_AlwaysRefresh":false,"showFog":true,"showSkybox":true,"showFlares":true,"showImageEffects":true,"showParticleSystems":true,"showVisualEffectGraphs":true,"m_FxEnabled":true},"in2DMode":false,"pivot":{"x":0.19032526016235352,"y":4.847872734069824,"z":0.9810092449188232},"rotation":{"x":-0.09361366927623749,"y":0.7970970869064331,"z":-0.12807050347328187,"w":-0.5826398134231567},"size":0.9623951315879822,"orthographic":false}