{"cameraMode":{"drawMode":0,"name":"Shaded","section":"Shading Mode"},"sceneLighting":true,"audioPlay":false,"sceneViewState":{"m_AlwaysRefresh":false,"showFog":true,"showSkybox":true,"showFlares":true,"showImageEffects":true,"showParticleSystems":true,"showVisualEffectGraphs":true,"m_FxEnabled":true},"in2DMode":false,"pivot":{"x":1.5345914363861085,"y":5.235507011413574,"z":1.4707951545715333},"rotation":{"x":-0.13794490694999696,"y":0.6265713572502136,"z":-0.11430269479751587,"w":-0.7584978938102722},"size":0.7959569096565247,"orthographic":false}